representacao,classificador,parametro,n_atributos,acc_val_media,acc_val_desvio,acc_treino_media,acc_dobra0,acc_dobra1,acc_dobra2,acc_dobra3,acc_dobra4
palavra_1-2gram+char_2-5gram,LinearSVC,C=0.1,285989,0.4565503293188019,0.00922769982836763,0.7769385523591483,0.4727272727272727,0.4600099354197715,0.45049751243781094,0.446352999751058,0.45316392625809665
palavra_1-2gram+char_2-5gram,LinearSVC,C=0.03,285989,0.45654698834615653,0.009098249346648733,0.6509433091542224,0.4689912826899128,0.4659711872826627,0.4502487562189055,0.44660194174757284,0.45092177379172893
palavra_1-2gram+char_2-5gram,LR,C=1,285989,0.456151017372751,0.009113690056509341,0.8249675222231486,0.4704856787048568,0.45876800794833583,0.45746268656716416,0.44286781179985063,0.4511709018435476
palavra_1-2gram+char_2-5gram,LR,C=0.3,285989,0.45525428482556657,0.008210455329001795,0.702070639926703,0.46500622665006225,0.46373571783407846,0.44676616915422884,0.44535723176499875,0.45540607872446437
palavra_1-2gram,LR,C=1,144263,0.45371147038238985,0.008310466599552044,0.7871293739439615,0.4672478206724782,0.45777446597118726,0.45298507462686566,0.4441125217824247,0.44643746885899355
char_2-5gram,LinearSVC,C=0.3,141725,0.4536641341045541,0.00586949090123802,0.7444754050185777,0.46201743462017436,0.455290611028316,0.4502487562189055,0.4446104057754543,0.45615346287992026
palavra_1-2gram,LinearSVC,C=0.1,144263,0.45360972770128977,0.00965284189922005,0.737694169090138,0.46749688667496886,0.4615002483854943,0.4519900497512438,0.44510828976848393,0.4419531639262581
char_2-5gram,LR,C=1,141725,0.4535640040175271,0.008619458480790272,0.6905364698349649,0.46201743462017436,0.4602583209140586,0.44228855721393034,0.4438635797859099,0.4593921275535625
palavra_1-2gram,LR,C=0.3,144263,0.45251510170774656,0.009743692203568815,0.6656628767881176,0.4657534246575342,0.4612518628912072,0.45049751243781094,0.43938262384864324,0.4456900847035376
char_2-5gram,LinearSVC,C=0.1,141725,0.4522210013714341,0.007683474216457948,0.6494378572273708,0.46301369863013697,0.4562841530054645,0.4400497512437811,0.4485934777196913,0.45316392625809665
palavra_1-2gram+char_2-5gram,LinearSVC,C=0.3,285989,0.45212074085117626,0.007899746622461604,0.8742037469946494,0.46625155666251555,0.453551912568306,0.45,0.4426188698033358,0.44818136522172397
palavra_1gram,LinearSVC,C=0.1,22732,0.4513215783517234,0.007211890889364073,0.6629256831061087,0.4592777085927771,0.45901639344262296,0.44800995024875623,0.4401294498381877,0.45017438963627304
char_2-5gram,LR,C=0.3,141725,0.45122614982754633,0.008902890482596161,0.5958722552263641,0.46251556662515564,0.45578738201689023,0.43656716417910446,0.44660194174757284,0.4546586945690085
palavra_1-2gram,LinearSVC,C=0.03,144263,0.4504268220653799,0.008287891257652832,0.6144361705939271,0.46326276463262767,0.45678092399403875,0.4442786069651741,0.44112521782424696,0.44668659691081214
char_2-5gram,LinearSVC,C=0.03,141725,0.4502784625075007,0.008566693725189464,0.5612557983041386,0.4565379825653798,0.4582712369597616,0.4388059701492537,0.44087627582773214,0.4569008470353762
palavra_1-2gram,LinearSVC,C=0.3,144263,0.44973324583178975,0.007492821610394007,0.8426487278498399,0.46450809464508097,0.4475906607054148,0.4472636815920398,0.4448593477719691,0.4444444444444444
palavra_1gram,LR,C=0.3,22732,0.44968051815659293,0.009209563010131474,0.6103295813884907,0.4602739726027397,0.4585196224540487,0.43855721393034824,0.43938262384864324,0.4516691579471849
palavra_1gram,LinearSVC,C=0.03,22732,0.44953131351038544,0.00817329699632809,0.575888294408206,0.45703611457036114,0.4580228514654744,0.4380597014925373,0.4416231018172766,0.452914798206278
palavra_1-2gram+char_2-5gram,ComplementNB,alpha=0.1,285989,0.4487893586834522,0.010586133971128215,0.7273046072970809,0.46948941469489414,0.4453551912568306,0.4442786069651741,0.43938262384864324,0.445440956651719
palavra_1gram,LR,C=1,22732,0.4479846265796768,0.008682206925359832,0.701087485457024,0.45504358655043586,0.45876800794833583,0.44776119402985076,0.4339058999253174,0.4444444444444444
palavra_1-2gram,ComplementNB,alpha=0.1,144263,0.4477457174141274,0.010393575409079986,0.7797756039117797,0.46824408468244083,0.4396423248882265,0.4450248756218905,0.44311675379636545,0.442700548081714
palavra_1-2gram+char_2-5gram,LR,C=3,285989,0.44759130360268723,0.00906098056675369,0.8936280759452193,0.46376089663760894,0.44808743169398907,0.44800995024875623,0.4378889718695544,0.44020926756352763
char_2-5gram,LR,C=3,141725,0.4472434691207553,0.006803456147542885,0.7868057571925174,0.4567870485678705,0.4513164431197218,0.4373134328358209,0.442369927806821,0.4484304932735426
palavra_1-2gram,LR,C=3,144263,0.4467464222705743,0.008397893257155457,0.8750872913499876,0.46301369863013697,0.4456035767511177,0.44402985074626866,0.4416231018172766,0.43946188340807174
palavra_1-2gram+char_2-5gram,ComplementNB,alpha=0.5,285989,0.4465469972085671,0.009134599636093288,0.6582225801418297,0.46400996264009964,0.44709388971684055,0.44154228855721395,0.44112521782424696,0.4389636273044345
palavra_1-2gram,ComplementNB,alpha=0.5,144263,0.44585234625294357,0.008325589992480646,0.7235095224320034,0.462266500622665,0.4416294088425236,0.44154228855721395,0.4441125217824247,0.4397110114598904
baseline_padrao,LR,C=1,46621,0.4455988666442397,0.007313415566441678,0.710631567316668,0.45504358655043586,0.45305514157973176,0.4373134328358209,0.438386855862584,0.4441953163926258
palavra_1gram,LinearSVC,C=0.3,22732,0.4447499620048811,0.008054749735733824,0.7466033078401338,0.45155666251556664,0.45454545454545453,0.4445273631840796,0.4316654219566841,0.4414549078226208
palavra_1gram,ComplementNB,alpha=0.5,22732,0.44401117683118185,0.0063390206502787535,0.6458290081387921,0.45628891656288917,0.4393939393939394,0.4393034825870647,0.4436146377893951,0.4414549078226208
char_2-5gram,ComplementNB,alpha=0.1,141725,0.4410720658726207,0.007457447459406679,0.6250249432253463,0.4533001245330012,0.4433681073025335,0.43606965174129353,0.4311675379636545,0.4414549078226208
char_2-5gram,ComplementNB,alpha=0.5,141725,0.44102221525737306,0.007712639898800839,0.5736983713168062,0.45454545454545453,0.4433681073025335,0.43532338308457713,0.4324122479462285,0.43946188340807174
palavra_1gram,ComplementNB,alpha=0.1,22732,0.4395821489479794,0.009104943598667585,0.6825721801689808,0.4572851805728518,0.43616492796820666,0.4310945273631841,0.4361463778939507,0.437219730941704
palavra_1gram,LR,C=3,22732,0.4395250608309335,0.00926722014053105,0.7834459699783952,0.44881693648816934,0.4485842026825633,0.4383084577114428,0.4234503360716953,0.4384653712007972
