representacao,dim,classificador,parametros,acc_val_media,acc_val_desvio,acc_treino_media,acc_dobra0,acc_dobra1,acc_dobra2,acc_dobra3,acc_dobra4
lsa,300,LR,{'C': 0.01},0.4464944857989698,0.004256635604643796,0.48177108876826347,0.45155666251556664,0.4503229011425733,0.44676616915422884,0.4398805078416729,0.4439461883408072
lsa,300,LR,{'C': 0.1},0.4460466873383403,0.004192728459372582,0.4816092524610022,0.45155666251556664,0.4503229011425733,0.4442786069651741,0.4406273338312173,0.4434479322371699
lsa,300,LR,{'C': 1},0.4459469867924204,0.004140807171342524,0.4817461473305299,0.4510585305105853,0.4505712866368604,0.44402985074626866,0.4406273338312173,0.4434479322371699
tudo,1000,LR,{'C': 0.001},0.44555167553335806,0.0056217213907768186,0.5196100043078438,0.45504358655043586,0.44709388971684055,0.43955223880597016,0.4401294498381877,0.44593921275535625
lsa,300,LR,{'C': 0.001},0.4454991388228663,0.006214200744063206,0.4812855945468911,0.4535491905354919,0.45007451564828616,0.44527363184079605,0.43539955190440627,0.4431988041853513
tudo,1000,MLP,"{'camadas': (512, 256), 'alpha': 1.0}",0.4425685156755067,0.0060076579217481,0.5452260428103839,0.4455790784557908,0.43914555389965226,0.436318407960199,0.43888473985561366,0.452914798206278
tudo,1000,LR,{'C': 0.01},0.44201929314354327,0.0044147205487572935,0.5345663285418901,0.450560398505604,0.43889716840536513,0.43980099502487563,0.43888473985561366,0.4419531639262581
tudo,1000,LR,{'C': 0.1},0.43823798136956726,0.006827341945174534,0.5367439648826776,0.4510585305105853,0.431197218082464,0.43855721393034824,0.4356484939009211,0.4347284504235177
w2v_idf,200,MLP,"{'camadas': (512, 256), 'alpha': 1.0}",0.4362941456072712,0.0052587486622089905,0.4819604275384653,0.43337484433374845,0.43815201192250375,0.43084577114427863,0.4334080159322878,0.4456900847035376
tudo,1000,LR,{'C': 1},0.435948431315515,0.006698989489408842,0.5369681040405262,0.4485678704856787,0.42921013412816694,0.436318407960199,0.43266118994274333,0.43298455406078723
doc2vec,200,LR,{'C': 0.01},0.4340543221257079,0.005926741341633173,0.46084304980036733,0.43661270236612704,0.43591654247391953,0.43159203980099503,0.42419716206123975,0.4419531639262581
doc2vec,200,LR,{'C': 0.001},0.4337580538015401,0.00700308039406759,0.45694831849089707,0.4453300124533001,0.43194237456532536,0.42835820895522386,0.4256908140403286,0.43746885899352267
doc2vec,200,LR,{'C': 0.1},0.43285880488883244,0.005854117671053178,0.4610295898525779,0.43437110834371107,0.4354197714853453,0.4330845771144279,0.42195668409260645,0.43946188340807174
doc2vec,200,LR,{'C': 1},0.43256045790419984,0.005778903133699947,0.4611788683353913,0.4341220423412204,0.43467461500248383,0.4325870646766169,0.42195668409260645,0.43946188340807174
w2v_idf,200,MLP,"{'camadas': (256,), 'alpha': 1.0}",0.4314656464260782,0.00850333024188162,0.5089719998919138,0.42266500622665004,0.43616492796820666,0.42213930348258705,0.4316654219566841,0.44469357249626307
tudo,1000,MLP,"{'camadas': (256,), 'alpha': 0.01}",0.4313642334336628,0.0032101246865253183,0.6483924016723294,0.4273972602739726,0.43492300049677096,0.4281094527363184,0.43490166791137663,0.43148978574987545
w2v_idf,200,LR,{'C': 0.001},0.4304664102636564,0.005063626028949288,0.455168665719932,0.4326276463262765,0.4393939393939394,0.4256218905472637,0.4266865820263879,0.42800199302441455
tudo,1000,MLP,"{'camadas': (256,), 'alpha': 1.0}",0.43042167408245013,0.0075336992248863114,0.5869639030850325,0.43711083437110837,0.4336810730253353,0.4223880597014925,0.42046303211351754,0.4384653712007972
w2v_idf,200,MLP,"{'camadas': (256,), 'alpha': 0.01}",0.42683921886201254,0.008909686839044044,0.5674946702042972,0.4428393524283935,0.427471435668157,0.41567164179104477,0.4234503360716953,0.4247633283507723
w2v_idf,200,LR,{'C': 0.1},0.4261852854729639,0.005520942347344759,0.458503530011359,0.425653798256538,0.4366616989567809,0.42039800995024873,0.42444610405775457,0.42376681614349776
w2v_idf,200,LR,{'C': 0.01},0.42558982908699255,0.004700210381684965,0.45804320178548596,0.4278953922789539,0.43318430203676106,0.4191542288557214,0.4236992780682101,0.4240159441953164
w2v_idf,200,LR,{'C': 1},0.4250409315212318,0.005414634679326851,0.45842887605595817,0.424906600249066,0.43517138599105815,0.41940298507462687,0.42170774209609163,0.4240159441953164
spacy_media,300,LR,{'C': 0.1},0.4216634208309295,0.006459048061023223,0.46397768043436993,0.4336239103362391,0.4180327868852459,0.41592039800995023,0.4232013940751805,0.4175386148480319
spacy_media,300,LR,{'C': 0.01},0.42136356494784744,0.0044996902332641,0.4598340937937711,0.4301369863013699,0.42001987083954295,0.4181592039800995,0.4179736121483694,0.4205281514698555
spacy_idf,300,LR,{'C': 0.01},0.4210673502355299,0.009123554835812005,0.4591246431523944,0.43636363636363634,0.42001987083954295,0.40870646766169155,0.41647996016928057,0.42376681614349776
spacy_idf,300,LR,{'C': 0.001},0.42046812937337713,0.004335244164104714,0.4508757162182267,0.4261519302615193,0.42001987083954295,0.41318407960199005,0.4197162061239731,0.42326856003986046
spacy_idf,300,LR,{'C': 0.1},0.4200697988540263,0.009151004009902156,0.46117807557696333,0.43561643835616437,0.42225534028812717,0.40746268656716417,0.41722678615882497,0.41778774289985054
spacy_media,300,LR,{'C': 1},0.41997101064891124,0.007696826508906661,0.4644133227418633,0.4323785803237858,0.4177844013909588,0.41044776119402987,0.42444610405775457,0.4147982062780269
spacy_idf,300,MLP,"{'camadas': (256,), 'alpha': 1.0}",0.41996225314745583,0.010495483924915712,0.4968411252024921,0.4293897882938979,0.4356681569796324,0.4116915422885572,0.4100074682598954,0.41305430991529646
spacy_idf,300,LR,{'C': 1},0.4195724095726273,0.00920896897085918,0.46112835531788665,0.43536737235367373,0.42126179831097865,0.40696517412935324,0.41647996016928057,0.41778774289985054
spacy_media,300,LR,{'C': 0.001},0.417577838699835,0.004051453429361917,0.44434353450752695,0.41494396014943963,0.4227521112767014,0.413681592039801,0.41423948220064727,0.42227204783258593
spacy_idf,300,MLP,"{'camadas': (256,), 'alpha': 0.01}",0.41702767926472745,0.011239045508089763,0.5462778635054875,0.4328767123287671,0.42796820665673124,0.4116915422885572,0.405277570326114,0.40732436472346784
spacy_idf,300,MLP,"{'camadas': (512, 256), 'alpha': 1.0}",0.41389865275842,0.0027323171817545387,0.45985968010804285,0.41643835616438357,0.410829607550919,0.41044776119402987,0.41498630819019167,0.416791230692576
