config,embeddings,filtros,dropout,epocas,acc_val_media,acc_val_desvio,acc_treino_media,acc_dobra0,acc_dobra1,acc_dobra2,acc_dobra3,acc_dobra4
congelado_f100,congelados,100,0.5,1,0.3960903775674744,0.014550407960738372,0.4023333333333333,0.4189290161892902,0.37332339791356184,0.39477611940298507,0.39955190440627336,0.3938714499252616
congelado_f100,congelados,100,0.5,2,0.4143514551825292,0.010680444123935984,0.425,0.4107098381070984,0.40710382513661203,0.4027363184079602,0.4179736121483694,0.4332336821126059
congelado_f100,congelados,100,0.5,3,0.4160852023689115,0.009563492518711473,0.43179999999999996,0.4244084682440847,0.4215101838052658,0.41567164179104477,0.39780931043066964,0.4210264075734928
congelado_f100,congelados,100,0.5,4,0.4281756282168798,0.008216369335184643,0.4452,0.424906600249066,0.4334326875310482,0.42860696517412933,0.4391336818521285,0.4147982062780269
congelado_f100,congelados,100,0.5,5,0.4243402774845738,0.00974186973735374,0.44766666666666666,0.4094645080946451,0.438648782911078,0.4211442786069652,0.4301717699775952,0.42227204783258593
ajustado_f100,ajustados,100,0.5,1,0.4133097201672838,0.0112267931480288,0.42473333333333335,0.42864259028642593,0.3986587183308495,0.4044776119402985,0.41150112023898433,0.42326856003986046
ajustado_f100,ajustados,100,0.5,2,0.44092584105840416,0.007260396624546787,0.48386666666666667,0.43337484433374845,0.43517138599105815,0.4375621890547264,0.4458551157580284,0.4526656701544594
ajustado_f100,ajustados,100,0.5,3,0.445850763968359,0.004356898332623345,0.5396,0.45080946450809467,0.44485842026825634,0.4450248756218905,0.43863579785909884,0.4499252615844544
ajustado_f100,ajustados,100,0.5,4,0.449432668331269,0.005261690678838511,0.6104666666666667,0.45603985056039853,0.4468455042225534,0.4554726368159204,0.44510828976848393,0.44369706028898853
ajustado_f100,ajustados,100,0.5,5,0.4385809453730358,0.004286996123619834,0.6841333333333333,0.4403486924034869,0.44113263785394935,0.4425373134328358,0.43042071197411,0.4384653712007972
