entradas,C,cv,cv_desvio,cv_menos_baseline,dobras_vencidas,holdout,holdout_menos_baseline
lr_pal + svc + emb_e5small + extremos,0.1,0.46799699932042566,0.00692462667923383,0.012591918105276712,5,0.47499377954715105,0.007464543418760905
lr_pal + svc + emb_e5small + extremos + mem,0.1,0.46784784468894697,0.006586192798655361,0.012442763473798024,5,0.47225678029360535,0.004727544165215203
lr_pal + svc + emb_e5small + ordinal,0.1,0.46735007222413305,0.006995975262599138,0.011944991008984107,5,0.4754914157750684,0.00796217964667828
lr_pal + svc + emb_e5small,0.1,0.467250619289584,0.006708454826403103,0.011845538074435058,5,0.47499377954715105,0.007464543418760905
lr_pal + svc + emb_e5small + extremos + ordinal,0.1,0.46720066988920594,0.00677321605143051,0.011795588674057,5,0.4772331425727793,0.009703906444389176
lr_pal + svc + emb_e5small + extremos + mem + ordinal + lgbm + viz,0.1,0.46685277039587103,0.007739640587027878,0.011447689180722087,5,0.47424732520527496,0.0067180890768848145
svc + lgbm + lr_pal + ordinal + extremos + emb_e5small + mem + viz,0.01,0.46685264654414677,0.007853034807124874,0.011447565328997822,5,0.47325205274944016,0.005722816621050009
lr_pal + svc + emb_e5small + mem,0.1,0.46655385425946516,0.007034627184573294,0.011148773044316218,5,0.47300323463548144,0.005473998507091293
lr_pal + svc + emb_e5small + extremos + lgbm,0.1,0.4665536313263615,0.0075977595647711196,0.011148550111212574,5,0.47225678029360535,0.004727544165215203
svc + lgbm + lr_pal + ordinal + extremos + emb_e5small + mem + viz,1.0,0.4664048234797108,0.008605224336926183,0.010999742264561851,4,0.47350087086339887,0.005971634735008724
lr_pal + svc + ordinal,0.1,0.46640434045798634,0.006657261612452905,0.0109992592428374,5,0.47648668823090323,0.008957452102513086
lr_pal + svc + emb_e5small + lgbm,0.1,0.4663545396796773,0.008730224512069682,0.010949458464528383,5,0.47225678029360535,0.004727544165215203
lr_pal + svc + emb_e5small + extremos + mem + ordinal,0.1,0.4662551239006456,0.008042501369697651,0.010850042685496664,5,0.47225678029360535,0.004727544165215203
lr_pal + svc + emb_e5small + extremos + mem + viz,0.1,0.4661560053657522,0.0070098369851904355,0.010750924150603247,5,0.47424732520527496,0.0067180890768848145
lr_pal + svc + extremos,0.1,0.46615554711437246,0.005551993957572592,0.010750465899223516,5,0.4767355063448619,0.009206270216471746
lr_pal + svc + emb_e5small + extremos + mem + lgbm,0.1,0.4661555347292,0.007631549485895257,0.010750453514051073,5,0.46827569047026624,0.0007464543418760905
lr_pal + svc,0.1,0.46610570918054617,0.006187403677832079,0.010700627965397225,5,0.47574023388902714,0.008210997760636995
lr_pal + emb_e5small,0.1,0.46605613133534085,0.005172173859611813,0.010651050120191907,5,0.471759144065688,0.004229907937297828
lr_pal + extremos,0.1,0.4659066299190345,0.005401933219063253,0.010501548703885533,5,0.47648668823090323,0.008957452102513086
lr_pal + svc + lgbm,0.1,0.4658568662962427,0.008010143426654202,0.010451785081093734,5,0.47399850709131625,0.006469270962926099
lr_pal + svc + emb_e5small + extremos + mem + ordinal + lgbm,0.1,0.4658071274437958,0.007805876051165546,0.010402046228646877,5,0.4680268723563075,0.0004976362279173752
lr_pal + svc + emb_e5small + extremos + mem + ordinal + viz,0.1,0.46550892964739043,0.0068710871751469236,0.010103848432241491,5,0.47325205274944016,0.005722816621050009
lr_pal + svc + emb_e5small + extremos + viz,0.1,0.46540950148318627,0.007165777424322265,0.010004420268037328,4,0.4769843244588206,0.009455088330430461
lr_pal + svc + mem,0.1,0.46540919185387575,0.00679955142479129,0.010004110638726804,5,0.4769843244588206,0.009455088330430461
lr_pal + svc + emb_e5small + viz,0.1,0.4653598493269464,0.0068710867540428535,0.009954768111797463,4,0.47424732520527496,0.0067180890768848145
lr_pal + svc + viz,0.1,0.4652601982296387,0.00641334495452242,0.009855117014489767,4,0.471759144065688,0.004229907937297828
lr_pal,0.1,0.46525936842308646,0.006441925108485246,0.009854287207937518,5,0.48220950485195324,0.014680268723563095
lr_pal + ordinal,0.1,0.4649609724639223,0.006727487491440821,0.009555891248773374,5,0.4792236874844489,0.011694451356058733
lr_pal + lgbm,0.1,0.4647616702693069,0.006834754367209374,0.009356589054157982,5,0.47225678029360535,0.004727544165215203
svc,0.1,0.4639660096373981,0.006464769622360114,0.008560928422249148,4,0.47499377954715105,0.007464543418760905
lr_pal + mem,0.1,0.4637663606579549,0.007600722218430196,0.008361279442805958,5,0.4792236874844489,0.011694451356058733
lr_pal + viz,0.1,0.4629208001663576,0.003928616850283219,0.007515718951208672,4,0.4727544165215228,0.0052251803931326335
ordinal,0.1,0.4513737199769487,0.0066421206162180085,-0.004031361238200248,1,0.45434187608857923,-0.013187360039810914
viz,0.1,0.4500796800067771,0.005699023500153561,-0.005325401208371827,1,0.46180641950734014,-0.005722816621050009
extremos,0.1,0.4498311715221289,0.01004004363937233,-0.005573909693020018,1,0.45210251306295096,-0.015426723065439185
lgbm,0.1,0.4310672513623999,0.009263322371022053,-0.02433782985274907,0,0.432445882060214,-0.03508335406817614
emb_e5small,0.1,0.4296742910200936,0.007608339139355909,-0.025730790195055364,0,0.4331923364020901,-0.03433689972630005
mem,0.1,0.37034626836612705,0.003593190501751664,-0.08505881284902189,0,0.3689972630007465,-0.09853197312764367
