modelo,cv,cv_desvio,holdout
so TF-IDF + SVM | palavras 1-2 | C=0.01,0.44122005838122574,0.007912836414028047,0.45284896740482705
so TF-IDF + SVM | palavras 1-2 | C=0.03,0.4558528918944124,0.006043774916728094,0.4712615078377706
so TF-IDF + SVM | palavras 1-2 | C=0.1,0.4645131246291415,0.0030240750013543266,0.4846976859915402
so TF-IDF + SVM | palavras 1-2 | C=0.3,0.4614770853874658,0.0023971754794076434,0.4779795969146554
so TF-IDF + SVM | palavras 1-2 | C=1.0,0.45391199913898284,0.004574086566344237,0.46031351082358796
so TF-IDF + SVM | palavras 1-2 + caracteres 2-5 | C=0.01,0.45102512691395813,0.008756233871491824,0.4652898731027619
so TF-IDF + SVM | palavras 1-2 + caracteres 2-5 | C=0.03,0.46321938190310813,0.007003032960008379,0.47151032595172926
so TF-IDF + SVM | palavras 1-2 + caracteres 2-5 | C=0.1,0.46212440880927586,0.004760240559288485,0.47325205274944016
so TF-IDF + SVM | palavras 1-2 + caracteres 2-5 | C=0.3,0.45645040215274113,0.004732594739950656,0.46927096292610104
so TF-IDF + SVM | palavras 1-2 + caracteres 2-5 | C=1.0,0.44908427131404577,0.003038332232911401,0.4565812391142075
MODELO FINAL (stacking),0.46799699932042566,0.00692462667923383,0.47499377954715105
