learning_rate,num_leaves,min_child_samples,colsample_bytree,n_estimators,acc_val_media,acc_val_desvio,acc_treino_media,acc_dobra0,acc_dobra1,acc_dobra2,acc_dobra3,acc_dobra4
0.03,31,60,0.3,100,0.4279313974871265,0.00626508393792845,0.5604968977769262,0.4281444582814446,0.43293591654247393,0.4223880597014925,0.4197162061239731,0.43647234678624813
0.03,63,20,0.3,100,0.42743725076811384,0.007642670930154965,0.666820225673367,0.43212951432129515,0.4267262791852956,0.42139303482587065,0.4177246701518546,0.4392127553562531
0.03,31,20,0.3,200,0.4272353506880271,0.008479782315845662,0.6369322753629542,0.4306351183063512,0.43194237456532536,0.4218905472636816,0.41374159820761763,0.43796711509715996
0.03,31,60,0.6,100,0.4269380662541984,0.006382060103816117,0.5675522115526178,0.43511830635118304,0.4284649776453055,0.41965174129353233,0.41946726412745833,0.4319880418535127
0.03,63,20,0.3,300,0.42689084175848047,0.010719506562924115,0.8249304031755429,0.43511830635118304,0.4254843517138599,0.4211442786069652,0.4110032362459547,0.44170403587443946
0.03,31,60,0.3,200,0.42683755249888344,0.010002854004287484,0.6229344715222704,0.4323785803237858,0.43318430203676106,0.4166666666666667,0.413243714214588,0.43871449925261585
0.03,31,60,0.3,400,0.426737552158469,0.0070623445048800726,0.7124850439631774,0.4318804483188045,0.431197218082464,0.42039800995024873,0.41623101817276575,0.43398106626806177
0.03,15,20,0.3,200,0.42663844462442346,0.006274568484810927,0.5433880288322056,0.42839352428393523,0.42921013412816694,0.42263681592039803,0.41722678615882497,0.43572496263079225
0.03,31,60,0.6,200,0.4262899264370434,0.007230360886925806,0.6345932016107134,0.43511830635118304,0.4307004470938897,0.4171641791044776,0.41822255414488424,0.43024414549078227
0.03,63,60,0.6,100,0.42624278507627456,0.005914097000017409,0.6626387928535673,0.4318804483188045,0.42498758072528564,0.4181592039800995,0.4222056260891212,0.43398106626806177
0.03,63,20,0.6,100,0.4261442861029968,0.0076283149492923814,0.681515073342202,0.4326276463262765,0.4247391952309985,0.41393034825870645,0.4236992780682101,0.43572496263079225
0.03,15,20,0.3,400,0.42609218540071137,0.009989906307769636,0.605377930520657,0.4313823163138232,0.42921013412816694,0.4191542288557214,0.4110032362459547,0.4397110114598904
0.03,15,60,0.6,200,0.4260440653618696,0.007139053903116732,0.5426786525351334,0.42839352428393523,0.4247391952309985,0.4181592039800995,0.42046303211351754,0.4384653712007972
0.03,7,20,0.3,600,0.4259921748120477,0.008820193805161296,0.5417704865390268,0.42889165628891657,0.42945851962245407,0.41890547263681593,0.41374159820761763,0.4389636273044345
0.03,31,20,0.6,400,0.42599216035065013,0.006335626928192905,0.749602225166148,0.4313823163138232,0.4277198211624441,0.42039800995024873,0.4169778441623102,0.4334828101644245
0.03,15,60,0.3,200,0.4258405447310493,0.008778630606139438,0.5388710020357043,0.4266500622665006,0.43293591654247393,0.42014925373134326,0.41249688822504355,0.4369706028898854
0.03,15,20,0.3,300,0.42564327166313964,0.008284932052839747,0.5756893072798609,0.4268991282689913,0.42945851962245407,0.41940298507462687,0.41423948220064727,0.43821624314897856
0.03,15,60,0.3,300,0.4255949926436002,0.008084125268240872,0.5682984164783071,0.43088418430884184,0.4267262791852956,0.41890547263681593,0.4144884241971621,0.4369706028898854
0.03,63,60,0.6,200,0.4254950923956645,0.00729071150799099,0.756843353551529,0.4291407222914072,0.42523596621957277,0.42338308457711443,0.41374159820761763,0.43597409068261084
0.03,31,20,0.6,200,0.42519829480892046,0.008807848407404758,0.6475585751859324,0.4313823163138232,0.42523596621957277,0.41393034825870645,0.4174757281553398,0.43796711509715996
0.03,15,60,0.6,100,0.42519720146908047,0.00416404906431562,0.504491892474333,0.42864259028642593,0.4227521112767014,0.42039800995024873,0.42270351008215085,0.43148978574987545
0.03,63,60,0.3,100,0.4251464133072151,0.007737349596659076,0.6471109728049038,0.42640099626400996,0.4262295081967213,0.42139303482587065,0.41399054020413245,0.4377179870453413
0.03,31,20,0.3,100,0.4250940856224944,0.0049756170163591466,0.5697542534704507,0.42291407222914074,0.42821659215101837,0.4246268656716418,0.4174757281553398,0.43223716990533134
0.03,15,20,0.3,600,0.4250475430182096,0.009043237346546967,0.6575629334282446,0.43312577833125776,0.42647789369100847,0.418407960199005,0.41150112023898433,0.43572496263079225
0.03,15,20,0.6,200,0.424948336296857,0.0071247988443757775,0.5475936326777748,0.4301369863013699,0.42498758072528564,0.417910447761194,0.41647996016928057,0.43522670652715495
0.03,7,60,0.3,600,0.4247975244344827,0.009459675421542328,0.5375400558634805,0.424906600249066,0.42796820665673124,0.4199004975124378,0.4112521782424695,0.43996013951170904
0.03,15,20,0.6,300,0.4247964596633362,0.007499068994055392,0.5836401317425152,0.4291407222914072,0.42995529061102833,0.4171641791044776,0.4144884241971621,0.4332336821126059
0.03,31,60,0.3,300,0.42474623887786594,0.008219094776918196,0.672319723148747,0.4303860523038605,0.43169398907103823,0.4146766169154229,0.41473736619367685,0.43223716990533134
0.03,7,20,0.3,400,0.4245993096604283,0.007723077502117269,0.5162504935620527,0.42391033623910335,0.42498758072528564,0.42039800995024873,0.4152352501867065,0.4384653712007972
0.03,7,60,0.3,300,0.4244979898746267,0.009022948553496423,0.4995274645580835,0.4261519302615193,0.42995529061102833,0.4174129353233831,0.41175006223549915,0.437219730941704
0.03,31,20,0.6,100,0.424351741753604,0.0074412710357394,0.5765855450062547,0.42839352428393523,0.4239940387481371,0.4146766169154229,0.4187204381379139,0.43597409068261084
0.03,63,20,0.3,200,0.42430264607109536,0.010103592546275913,0.7612981161096621,0.43312577833125776,0.4215101838052658,0.4216417910447761,0.40826487428429176,0.4369706028898854
0.03,7,60,0.3,200,0.4242990939823651,0.006306179258720568,0.48311524229748876,0.4261519302615193,0.4277198211624441,0.418407960199005,0.41598207617625094,0.4332336821126059
0.03,15,60,0.3,100,0.42429846097004675,0.004088860205857394,0.5024763225005614,0.42540473225404735,0.4269746646795827,0.4208955223880597,0.41847149614139906,0.429745889387145
0.03,31,20,0.6,300,0.4242504332323704,0.007881964675370078,0.7045094206169537,0.42963885429638854,0.4277198211624441,0.41393034825870645,0.41598207617625094,0.43398106626806177
0.03,31,20,0.3,300,0.42420200378160045,0.006979388871362062,0.6905854236215299,0.42839352428393523,0.4225037257824143,0.42064676616915425,0.4144884241971621,0.4349775784753363
0.03,15,60,0.3,600,0.4241519721006105,0.011390596909393823,0.6420717027604432,0.42963885429638854,0.4269746646795827,0.4154228855721393,0.40801593228777694,0.4407075236671649
0.03,15,20,0.6,400,0.4240509575713907,0.007823347840148718,0.6154933797073352,0.425653798256538,0.4277198211624441,0.4154228855721393,0.4154841921832213,0.43597409068261084
0.03,63,20,0.6,200,0.4240012166309701,0.005514015236013232,0.779838135217999,0.42540473225404735,0.425732737208147,0.41766169154228855,0.41847149614139906,0.4327354260089686
0.03,7,20,0.3,200,0.4239024924148639,0.004390389700006604,0.48454600068324627,0.42764632627646326,0.4232488822652757,0.4181592039800995,0.42046303211351754,0.4299950174389636
0.03,63,60,0.3,200,0.4238008152754479,0.008245750384899867,0.7373582011011981,0.4311332503113325,0.43020367610531546,0.41393034825870645,0.4134926562111028,0.43024414549078227
0.03,15,60,0.3,400,0.42375282127699876,0.008833202980953699,0.595710131693606,0.4301369863013699,0.4267262791852956,0.4161691542288557,0.4110032362459547,0.4347284504235177
0.03,31,60,0.6,300,0.4237015728215656,0.008148591397694013,0.688358764692911,0.42889165628891657,0.42995529061102833,0.4126865671641791,0.41498630819019167,0.4319880418535127
0.03,15,60,0.6,600,0.4236527493976574,0.00899817930165797,0.6539916632483955,0.42515566625155665,0.42722305017386986,0.4174129353233831,0.4110032362459547,0.43746885899352267
0.03,7,60,0.3,400,0.42365269907488956,0.00858682256682152,0.5132020441867465,0.4201743462017435,0.42647789369100847,0.4181592039800995,0.4144884241971621,0.4389636273044345
0.03,7,20,0.3,300,0.42360337993838054,0.006268331660373771,0.5010951380212706,0.425653798256538,0.42523596621957277,0.41691542288557215,0.4167289021657954,0.4334828101644245
0.03,15,20,0.6,600,0.4234020358630854,0.008636036684952242,0.6692463501411777,0.42640099626400996,0.42796820665673124,0.4228855721393035,0.4072691062982325,0.43248629795715
0.03,7,20,0.6,200,0.42330654388505506,0.008058223890892922,0.48445901343631526,0.4316313823163138,0.42349726775956287,0.4126865671641791,0.41598207617625094,0.4327354260089686
0.03,7,20,0.6,400,0.42325533256866354,0.008018625930281782,0.5196225891642088,0.42889165628891657,0.425732737208147,0.4146766169154229,0.413243714214588,0.4337319382162432
0.03,15,60,0.6,300,0.42325473765460764,0.006885555118161632,0.575054759181716,0.4259028642590286,0.425732737208147,0.4164179104477612,0.41473736619367685,0.4334828101644245
0.03,15,20,0.3,100,0.4232519258701054,0.003853879143963688,0.5052759521698292,0.424906600249066,0.42796820665673124,0.42014925373134326,0.4174757281553398,0.42575984055804683
0.03,31,20,0.3,600,0.4231088749790485,0.009724481435453706,0.8002314512010248,0.43312577833125776,0.42001987083954295,0.41691542288557215,0.4100074682598954,0.4354758345789736
0.03,63,20,0.3,400,0.4231077486956344,0.008660597869463937,0.8684303312423298,0.4326276463262765,0.42200695479384004,0.41592039800995023,0.41175006223549915,0.4332336821126059
0.03,31,20,0.6,600,0.422807728268079,0.005128088881317554,0.8184476513786378,0.4301369863013699,0.4215101838052658,0.418407960199005,0.4167289021657954,0.42725460886895866
0.03,7,60,0.6,600,0.4228067143585964,0.005922517741749231,0.5402405818681528,0.42216687422166876,0.42349726775956287,0.4199004975124378,0.4152352501867065,0.4332336821126059
0.03,31,60,0.3,600,0.42275727306367805,0.007871171505649156,0.7780955085916752,0.43462017434620176,0.4239940387481371,0.4174129353233831,0.41150112023898433,0.4262580966616841
0.03,7,20,0.6,300,0.42260922290061176,0.009446696173687092,0.5032352695883474,0.4291407222914072,0.4254843517138599,0.408955223880597,0.41473736619367685,0.4347284504235177
0.03,7,20,0.6,600,0.4225584792600959,0.007480233103651643,0.5464987230305004,0.4244084682440847,0.4239940387481371,0.4166666666666667,0.4129947722180732,0.4347284504235177
0.03,7,20,0.3,100,0.42241106574157444,0.005371950575632028,0.4655084174282889,0.4313823163138232,0.4180327868852459,0.41691542288557215,0.4202140901170027,0.4255107125062282
0.03,31,20,0.3,400,0.4223619742523267,0.008429639752462569,0.7334509932497432,0.4278953922789539,0.4202682563338301,0.4134328358208955,0.4144884241971621,0.43572496263079225
0.03,15,60,0.6,400,0.42235758038466553,0.006658165337705512,0.6048555395379666,0.42291407222914074,0.4267262791852956,0.4164179104477612,0.41374159820761763,0.4319880418535127
0.03,63,60,0.6,300,0.42191382656228393,0.008000544104690279,0.8217696767077047,0.4318804483188045,0.4175360158966716,0.4191542288557214,0.4107542942494399,0.43024414549078227
0.03,63,20,0.3,600,0.4219115758062271,0.007663386644033756,0.915215073463963,0.4316313823163138,0.4232488822652757,0.41492537313432837,0.41150112023898433,0.4282511210762332
0.03,7,60,0.6,400,0.4218125813094617,0.007832394144810479,0.51481974299891,0.42515566625155665,0.4227521112767014,0.4141791044776119,0.41274583022155836,0.4342301943198804
0.03,15,20,0.6,100,0.4217613159929445,0.004158049623710819,0.5067814768238266,0.424906600249066,0.4207650273224044,0.42213930348258705,0.4144884241971621,0.4265072247135027
0.03,63,60,0.3,300,0.42165979960729033,0.00669523120568473,0.8014757927086296,0.4281444582814446,0.42796820665673124,0.4141791044776119,0.4129947722180732,0.42501245640259094
0.03,63,20,0.6,400,0.42141693044083384,0.008488080320787945,0.885962246666276,0.4336239103362391,0.4138102334823646,0.4218905472636816,0.41050535225292506,0.42725460886895866
0.03,31,60,0.6,400,0.42126492017957223,0.006829173893351125,0.7324684969185074,0.42864259028642593,0.4225037257824143,0.4109452736318408,0.41623101817276575,0.42800199302441455
0.03,31,60,0.6,600,0.4207666413447386,0.00824111329204384,0.7975810721979266,0.42764632627646326,0.42424242424242425,0.4097014925373134,0.4122479462285287,0.4299950174389636
0.03,63,60,0.3,400,0.42061292019157415,0.009143043457585643,0.8442789773809032,0.4278953922789539,0.43169398907103823,0.41044776119402987,0.409260642270351,0.42376681614349776
0.03,7,60,0.6,300,0.4205668434897424,0.007368306412055114,0.5002986536885696,0.424906600249066,0.4244908097367114,0.41119402985074627,0.41249688822504355,0.429745889387145
0.03,63,60,0.6,400,0.4205181170157524,0.007909539985302985,0.8648345710655342,0.4303860523038605,0.4197714853452558,0.41865671641791047,0.4072691062982325,0.4265072247135027
0.03,63,20,0.6,600,0.42041914794632057,0.009107868204318864,0.924920434972961,0.43462017434620176,0.4207650273224044,0.4129353233830846,0.4087627582773214,0.42501245640259094
0.03,7,60,0.6,200,0.4203696324340195,0.007766106084032898,0.48248074142239483,0.42764632627646326,0.4210134128166915,0.41069651741293534,0.41249688822504355,0.4299950174389636
0.03,63,20,0.6,300,0.420320632888359,0.005953749744175664,0.8453490795803408,0.42515566625155665,0.41604570293094884,0.417910447761194,0.413243714214588,0.42924763328350773
0.03,7,60,0.6,100,0.4198733158417964,0.005351475297850923,0.4638911903009192,0.4273972602739726,0.414555389965226,0.4141791044776119,0.41847149614139906,0.4247633283507723
0.03,7,60,0.3,100,0.41927668262841167,0.0053558230555575985,0.4627956379205374,0.42640099626400996,0.41182314952806753,0.41492537313432837,0.4197162061239731,0.4235176880916791
0.03,63,60,0.3,600,0.4186734093012661,0.008701241930569323,0.8974718236792991,0.42839352428393523,0.4247391952309985,0.4146766169154229,0.40378391834702515,0.4217737917289487
0.03,63,60,0.6,600,0.4183760419358187,0.010795167859978003,0.9116562759842803,0.4301369863013699,0.42424242424242425,0.4116915422885572,0.4005476723923326,0.4252615844544096
0.03,7,20,0.6,100,0.4179328907805213,0.00591284435980986,0.4645754463202761,0.4261519302615193,0.41107799304520615,0.41393034825870645,0.41473736619367685,0.42376681614349776
