modelos,n_modelos,memoria,C,acc_val_media,acc_val_desvio,acc_dobra0,acc_dobra1,acc_dobra2,acc_dobra3,acc_dobra4
tfidf + atributos,2,True,1.0,0.4637165351013916,0.007282874045739476,0.474719800747198,0.4682066567312469,0.4592039800995025,0.45357231764998757,0.4628799202790234
tfidf + atributos,2,True,0.1,0.4634672835609209,0.007597733334927722,0.4749688667496887,0.46870342771982115,0.45870646766169154,0.45332337565347275,0.46163428001993023
tfidf + atributos,2,True,0.01,0.4631691593062274,0.007964247621219892,0.476214196762142,0.46770988574267264,0.45746268656716416,0.4538212596465024,0.4606377678126557
tfidf + textcnn,2,True,0.01,0.4618276415725019,0.00861474088438361,0.47870485678704855,0.46075509190263286,0.45746268656716416,0.45556385362210605,0.45665171898355755
tfidf + atributos + textcnn,3,True,0.01,0.46157677097764804,0.005834625005180905,0.46973848069738483,0.4659711872826627,0.4537313432835821,0.4568085636046801,0.46163428001993023
tfidf + textcnn,2,True,1.0,0.4613789268728238,0.009737871489674985,0.47995018679950185,0.4615002483854943,0.45796019900497514,0.45307443365695793,0.45440956651718983
tfidf + atributos + lsa,3,True,0.01,0.4613766647423912,0.007290581610376001,0.4717310087173101,0.46795827123695977,0.45298507462686566,0.4550659696290764,0.4591429995017439
tfidf + textcnn,2,True,0.1,0.46123018020793455,0.009413561241685646,0.4794520547945205,0.4602583209140586,0.45796019900497514,0.45332337565347275,0.4551569506726457
tfidf + atributos + textcnn,3,True,0.1,0.46112866258627666,0.00608363970963445,0.46998754669987547,0.4654744162940884,0.45497512437810944,0.4540702016430172,0.461136023916293
tfidf,1,True,1.0,0.46107880956907915,0.009741725936331994,0.47870485678704855,0.4629905613512171,0.4592039800995025,0.4528254916604431,0.4516691579471849
tfidf + atributos + textcnn,3,True,1.0,0.46087998056783375,0.006320292883336377,0.46998754669987547,0.4652260307998013,0.45422885572139304,0.45357231764998757,0.4613851519681116
tfidf,1,True,0.1,0.46083028797315134,0.009619434039248784,0.4784557907845579,0.46199701937406856,0.4592039800995025,0.4528254916604431,0.4516691579471849
tfidf + atributos + lsa,3,True,1.0,0.46063145935911926,0.007231923272404335,0.47198007471980075,0.46497764530551416,0.45174129353233833,0.4548170276325616,0.45964125560538116
tfidf,1,True,0.01,0.46048152185001934,0.00955348153823523,0.47745952677459524,0.4624937903626428,0.45945273631840794,0.4505850136918098,0.45241654210264076
tfidf + lsa + textcnn,3,True,0.1,0.46028401423271015,0.008780552215619807,0.4772104607721046,0.4602583209140586,0.4562189054726368,0.4540702016430172,0.45366218236173395
tfidf + lsa + textcnn,3,True,0.01,0.4599848998713115,0.0092670686028385,0.47745952677459524,0.46050670640834573,0.4572139303482587,0.45207866567089866,0.4526656701544594
tfidf + lsa,2,True,0.1,0.45998393639461216,0.009612331415134201,0.4767123287671233,0.46373571783407846,0.4557213930348259,0.44884241971620614,0.45490782262082713
tfidf + lsa,2,True,1.0,0.4598845450413755,0.00961254158150073,0.4767123287671233,0.4632389468455042,0.45597014925373136,0.4485934777196913,0.45490782262082713
tfidf + lsa,2,True,0.01,0.4597834833863684,0.010734288467806429,0.47745952677459524,0.4659711872826627,0.4557213930348259,0.44734876773711724,0.45241654210264076
tfidf + atributos + lsa + textcnn,4,True,0.1,0.4597363811016881,0.0061922148099808234,0.46824408468244083,0.46274217585692995,0.4495024875621891,0.45755538959422454,0.4606377678126557
tfidf + atributos + lsa + textcnn,4,True,1.0,0.4596367422352873,0.006165574886258754,0.4679950186799502,0.46274217585692995,0.44925373134328356,0.4580532735872542,0.46013951170901846
tfidf + atributos + lsa + textcnn,4,True,0.01,0.4596361345795531,0.004806662359502174,0.46749688667496886,0.46199701937406856,0.45422885572139304,0.45531491162559123,0.4591429995017439
tfidf + lsa + textcnn,3,True,1.0,0.4595869887195976,0.009151480064337759,0.47696139476961397,0.4600099354197715,0.4562189054726368,0.4515807816778691,0.45316392625809665
tfidf + atributos,2,False,0.01,0.45943697005051015,0.006362134035801617,0.4684931506849315,0.46348733233979134,0.4519900497512438,0.4525765496639283,0.4606377678126557
tfidf + textcnn,2,False,1.0,0.45933986612626815,0.009006160944456042,0.47696139476961397,0.45777446597118726,0.4519900497512438,0.45556385362210605,0.45440956651718983
tfidf + textcnn,2,False,0.1,0.45914072488338303,0.008992963923529905,0.4767123287671233,0.45777446597118726,0.45174129353233833,0.4550659696290764,0.45440956651718983
tfidf + lsa + textcnn,3,False,0.01,0.4590900830880953,0.006947015022279244,0.4714819427148194,0.45976154992548435,0.4502487562189055,0.4573064475977097,0.45665171898355755
tfidf + lsa,2,False,1.0,0.45908819136879686,0.00790320591655855,0.4714819427148194,0.4642324888226528,0.45049751243781094,0.4515807816778691,0.4576482311908321
atributos + lsa + textcnn,3,True,0.01,0.4590363135792585,0.008607937561232222,0.46650062266500625,0.4696969696969697,0.44776119402985076,0.4505850136918098,0.4606377678126557
tfidf + textcnn,2,False,0.01,0.4587921071236766,0.00837034350620347,0.4749688667496887,0.4580228514654744,0.45124378109452734,0.4545680856360468,0.4551569506726457
tfidf + atributos,2,False,1.0,0.45878943517470516,0.0057185054072026505,0.4667496886674969,0.4629905613512171,0.45298507462686566,0.45182972367438384,0.4593921275535625
tfidf + lsa + textcnn,3,False,1.0,0.45864233332468424,0.0076825354378487,0.4727272727272727,0.45876800794833583,0.44975124378109455,0.4573064475977097,0.4546586945690085
tfidf + lsa + textcnn,3,False,0.1,0.4586420735127324,0.007723372620936455,0.4727272727272727,0.4592647789369101,0.44975124378109455,0.4570575056011949,0.45440956651718983
tfidf + lsa,2,False,0.1,0.4586399593222259,0.00747339266760513,0.46973848069738483,0.4642324888226528,0.4502487562189055,0.45133183968135426,0.4576482311908321
tfidf + atributos + lsa,3,True,0.1,0.45859527966492647,0.0073127954988459545,0.4722291407222914,0.453551912568306,0.4519900497512438,0.45531491162559123,0.4598903836571998
tfidf + atributos,2,False,0.1,0.4585404932887716,0.006019555873530859,0.4667496886674969,0.4632389468455042,0.4519900497512438,0.4515807816778691,0.4591429995017439
tfidf + atributos + textcnn,3,False,0.1,0.4584910019851354,0.0059010447478942225,0.46376089663760894,0.46348733233979134,0.4475124378109453,0.458302215583769,0.4593921275535625
tfidf + atributos + textcnn,3,False,1.0,0.45844112680938426,0.00584623801724459,0.46400996264009964,0.46348733233979134,0.44776119402985076,0.4580532735872542,0.4588938714499253
tfidf + lsa,2,False,0.01,0.4581422981888184,0.007431092585404197,0.46824408468244083,0.46398410332836565,0.44975124378109455,0.44983818770226536,0.4588938714499253
tfidf + atributos + textcnn,3,False,0.01,0.4581421852799387,0.0054395913666023445,0.46151930261519303,0.4632389468455042,0.44776119402985076,0.45979586756285784,0.458395615346288
tfidf + atributos + lsa,3,False,0.1,0.45774303691502893,0.005825001765098241,0.4635118306351183,0.46472925981122704,0.44925373134328356,0.4538212596465024,0.45739910313901344
tfidf + atributos + lsa,3,False,0.01,0.4576927287071662,0.006217684629429998,0.4642590286425903,0.4654744162940884,0.45,0.4523276076674135,0.4564025909317389
tfidf + atributos + lsa,3,False,1.0,0.45749392160581265,0.00598496354553105,0.46326276463262767,0.46497764530551416,0.44925373134328356,0.4528254916604431,0.4571499750871948
atributos + textcnn,2,True,0.01,0.45734552219579017,0.006457111459296412,0.46251556662515564,0.4632389468455042,0.4519900497512438,0.44734876773711724,0.46163428001993023
atributos + lsa + textcnn,3,True,0.1,0.4573447704411374,0.009954035695681108,0.46500622665006225,0.46870342771982115,0.4412935323383085,0.45108289768483945,0.4606377678126557
atributos + textcnn,2,True,0.1,0.4572957963991485,0.007012675550725175,0.4635118306351183,0.4642324888226528,0.4487562189054726,0.44884241971620614,0.461136023916293
tfidf + atributos + lsa + textcnn,4,False,0.1,0.4569489596115591,0.00714216299766568,0.46625155666251555,0.4612518628912072,0.4450248756218905,0.45431914363953196,0.45789735924265074
tfidf + atributos + lsa + textcnn,4,False,1.0,0.4568994184667584,0.006715467389013952,0.4657534246575342,0.46050670640834573,0.445771144278607,0.4540702016430172,0.458395615346288
atributos + lsa + textcnn,3,True,1.0,0.45689681078293143,0.010056279059108492,0.46525529265255294,0.4682066567312469,0.4420398009950249,0.4483445357231765,0.4606377678126557
atributos + textcnn,2,True,1.0,0.45689669660098853,0.00695075732137178,0.46301369863013697,0.4652260307998013,0.4482587064676617,0.4493403037092357,0.4586447433981066
tfidf + atributos + lsa + textcnn,4,False,0.01,0.4567999775106347,0.006856070337933269,0.46525529265255294,0.4602583209140586,0.4445273631840796,0.4563106796116505,0.4576482311908321
lsa + textcnn,2,True,1.0,0.45655138119983124,0.0069458354916151115,0.4657534246575342,0.45752608047690013,0.4537313432835821,0.44510828976848393,0.4606377678126557
lsa + textcnn,2,True,0.01,0.45650159274498936,0.006856621329843549,0.4657534246575342,0.45752608047690013,0.4534825870646766,0.44535723176499875,0.46038863976083705
lsa + textcnn,2,True,0.1,0.45650144428902195,0.007007736931012919,0.4657534246575342,0.45777446597118726,0.4537313432835821,0.4448593477719691,0.46038863976083705
tfidf,1,False,1.0,0.4564015959129146,0.008703194880618716,0.4712328767123288,0.4600099354197715,0.44676616915422884,0.4493403037092357,0.4546586945690085
tfidf,1,False,0.01,0.456351956025118,0.008715000769445575,0.4712328767123288,0.45976154992548435,0.44676616915422884,0.44909136171272096,0.45490782262082713
tfidf,1,False,0.1,0.4563518075136117,0.008744064131770283,0.4712328767123288,0.4600099354197715,0.44676616915422884,0.44909136171272096,0.4546586945690085
textcnn,1,True,1.0,0.4552070660692844,0.009029110431032866,0.46998754669987547,0.4542970690511674,0.4577114427860697,0.4421209858103062,0.45191828599900347
textcnn,1,True,0.1,0.45500802371697924,0.00911080462628448,0.46998754669987547,0.4540486835568803,0.45746268656716416,0.44187204381379136,0.4516691579471849
atributos + lsa + textcnn,3,False,0.1,0.45465708377059466,0.007569286998329191,0.4567870485678705,0.46398410332836565,0.44104477611940296,0.4538212596465024,0.4576482311908321
atributos + lsa + textcnn,3,False,1.0,0.45460753082536637,0.007977643877215805,0.4565379825653798,0.46398410332836565,0.4400497512437811,0.4540702016430172,0.458395615346288
atributos + lsa + textcnn,3,False,0.01,0.4545571108552733,0.007489536153525278,0.45579078455790784,0.4644808743169399,0.44154228855721395,0.45332337565347275,0.4576482311908321
textcnn,1,True,0.01,0.45406266314306676,0.009831661543132286,0.4702366127023661,0.453551912568306,0.4552238805970149,0.43938262384864324,0.45191828599900347
atributos + textcnn,2,False,0.01,0.4529662926461467,0.005572327878132412,0.4580323785803238,0.45752608047690013,0.4470149253731343,0.44535723176499875,0.4569008470353762
atributos + textcnn,2,False,0.1,0.4527663338322099,0.004825416310909997,0.45703611457036114,0.4582712369597616,0.4470149253731343,0.4470998257406024,0.45440956651718983
atributos + textcnn,2,False,1.0,0.45231818824781717,0.004738457824132876,0.4565379825653798,0.4580228514654744,0.44676616915422884,0.4468508837440876,0.4534130543099153
lsa + textcnn,2,False,0.01,0.45202315846892394,0.005549408445913384,0.45828144458281445,0.4525583705911575,0.44353233830845773,0.4483445357231765,0.45739910313901344
lsa + textcnn,2,False,0.1,0.4517741669070217,0.005714724701614208,0.4585305105853051,0.4525583705911575,0.4437810945273632,0.4468508837440876,0.4571499750871948
lsa + textcnn,2,False,1.0,0.45162483880909576,0.0058097032229999295,0.4585305105853051,0.4525583705911575,0.44328358208955226,0.4468508837440876,0.4569008470353762
atributos + lsa,2,True,1.0,0.45092439934161277,0.008163465730670904,0.4590286425902864,0.4600099354197715,0.43955223880597016,0.4436146377893951,0.45241654210264076
atributos + lsa,2,True,0.01,0.4499782817503994,0.007172453479031102,0.4572851805728518,0.4582712369597616,0.4427860696517413,0.44087627582773214,0.45067264573991034
atributos + lsa,2,True,0.1,0.4490861117286702,0.007042349061984041,0.4592777085927771,0.4513164431197218,0.43980099502487563,0.4426188698033358,0.45241654210264076
textcnn,1,False,0.01,0.4484886124710883,0.007643309186565394,0.4585305105853051,0.4493293591654247,0.44601990049751244,0.4356484939009211,0.452914798206278
atributos + lsa,2,False,0.1,0.44848626385781654,0.00803181462717926,0.4542963885429639,0.4570293094883259,0.4355721393034826,0.44286781179985063,0.4526656701544594
atributos + lsa,2,False,0.01,0.4483861544345394,0.007604871336076717,0.45379825653798256,0.457277694982613,0.4373134328358209,0.4416231018172766,0.45191828599900347
textcnn,1,False,0.1,0.44833937083534064,0.007892072565882695,0.4597758405977584,0.4490809736711376,0.4455223880597015,0.4356484939009211,0.4516691579471849
atributos + lsa,2,False,1.0,0.4483372201329118,0.0077206802707191985,0.4530510585305106,0.4562841530054645,0.43532338308457713,0.4438635797859099,0.45316392625809665
textcnn,1,False,1.0,0.44828963194588634,0.007699844744760048,0.45952677459526775,0.4490809736711376,0.4450248756218905,0.4361463778939507,0.4516691579471849
lsa,1,True,0.01,0.44793833617409196,0.00693900397129169,0.4592777085927771,0.4495777446597119,0.44850746268656716,0.4441125217824247,0.43821624314897856
lsa,1,False,0.1,0.4452019913784457,0.004886972225221079,0.45379825653798256,0.4468455042225534,0.44353233830845773,0.43963156584515806,0.44220229197807676
lsa,1,False,1.0,0.4451523889233687,0.004963436671338109,0.45379825653798256,0.4468455042225534,0.44303482587064674,0.4391336818521285,0.44294967613353264
lsa,1,False,0.01,0.4448044397232884,0.005668378553633194,0.45504358655043586,0.4465971187282663,0.44029850746268656,0.43963156584515806,0.44245142002989535
lsa,1,True,1.0,0.44440959253795037,0.008813847273624782,0.4592777085927771,0.4354197714853453,0.4495024875621891,0.43938262384864324,0.4384653712007972
lsa,1,True,0.1,0.44440953052569443,0.00871023847594529,0.4590286425902864,0.4354197714853453,0.4495024875621891,0.4398805078416729,0.43821624314897856
atributos,1,True,1.0,0.4353947351969344,0.004620631922133993,0.43462017434620176,0.44287133631395925,0.42835820895522386,0.4361463778939507,0.4349775784753363
atributos,1,True,0.01,0.4351463751318164,0.005078906414394514,0.4341220423412204,0.442374565325385,0.42661691542288555,0.43664426188698036,0.43597409068261084
atributos,1,True,0.1,0.43514604062104184,0.004462013729860972,0.4341220423412204,0.442374565325385,0.42835820895522386,0.43539955190440627,0.4354758345789736
atributos,1,False,1.0,0.43021890477809366,0.005085378684506841,0.4298879202988792,0.43765524093392943,0.4253731343283582,0.42419716206123975,0.43398106626806177
atributos,1,False,0.1,0.4297714154736411,0.005216903368387803,0.42963885429638854,0.4366616989567809,0.4246268656716418,0.4234503360716953,0.43447932237169906
atributos,1,False,0.01,0.42952403251495735,0.004924390840782132,0.42963885429638854,0.43392945851962245,0.42388059701492536,0.42419716206123975,0.43597409068261084
