versao,media,dobra1,dobra2,dobra3,dobra4,dobra5,dobras_melhores,so_ela,so_atual
ATUAL (MiniLM),0.4697889232219629,0.46703159990047277,0.47350087086339887,0.47560975609756095,0.45893479342956695,0.4738675958188153,0,0,0
ATUAL (MiniLM) [meta C=0.01],0.46869395012813087,0.46752923612839015,0.4710126897238119,0.4758586361373818,0.4566948730711797,0.4723743155798905,2,73,95
ATUAL (MiniLM) [meta C=1.0],0.46919163589673785,0.46703159990047277,0.47300323463548144,0.47486311597809855,0.45744151319064214,0.4736187157789945,0,14,26
MiniLM com C=0.003,0.46924136236401237,0.47001741726797713,0.4710126897238119,0.4758586361373818,0.45569935291189645,0.4736187157789945,2,118,129
MiniLM com C=0.03,0.4679972841793913,0.46280169196317494,0.471759144065688,0.4738675958188153,0.4579392732702837,0.4736187157789945,0,90,126
+ e5-small,0.4692413995195296,0.4710126897238119,0.46927096292610104,0.47461423593827773,0.45968143354902935,0.47162767546042805,2,391,402
MiniLM e e5 concatenados,0.468495106184895,0.46429460064692707,0.4690221448121423,0.4731209556993529,0.45818815331010454,0.4778496764559482,1,506,532
+ SVM de palavras,0.469540154648694,0.46678278178651406,0.47151032595172926,0.47436535589845696,0.460179193628671,0.47486311597809855,2,113,118
+ eixo ordinal,0.4682460775230052,0.4640457825329684,0.47225678029360535,0.47336983573917374,0.4576903932304629,0.4738675958188153,0,64,95
+ LightGBM de atributos,0.4695897696494167,0.47300323463548144,0.46852450858422495,0.4776007964161274,0.45520159283225486,0.4736187157789945,2,416,420
sem o SVM,0.467748391754398,0.46429460064692707,0.4705150534958945,0.4731209556993529,0.45818815331010454,0.4726231956197113,0,311,352
sem 'extremos',0.46904235741353506,0.4662851455585967,0.4727544165215228,0.47486311597809855,0.4579392732702837,0.47336983573917374,0,58,73
